start;end;flesch_kincaid_grade;confidence
0;195;5.532500000000002;1.0
197;380;8.39294117647059;0.0
