start;end;yule_k_characteristic
0;197;178.57142857142858
199;382;202.14030915576694
