start;end;flesch_kincaid_grade;confidence
0;262;5.364615384615387;0.04309214761602884
264;718;5.600000000000001;0.02914505837186304
720;1468;6.480919540229888;0.02970583156991464
1470;1847;5.311428571428571;0.046129910736523734
1850;2055;7.4904761904761905;0.09921793873201737
2057;3187;15.181415929203542;0.6287706163011851
3189;4158;25.96448979591837;0.7869508359998396
